MRI 1.8,JRuby 1.6,MRI 1.9,Rubinius,C
4.84711,1.998,1.522826,1.45776,0.124304
4.890887,1.901,1.514443,1.474216,0.124512
4.905281,1.866,1.520301,1.460978,0.124881
4.940498,1.846,1.511561,1.477461,0.12527
4.892026,1.927,1.520961,1.46064,0.124182
4.899694,1.915,1.516288,1.458278,0.126714
4.953138,1.921,1.513633,1.464388,0.124846
4.917585,1.915,1.512256,1.514297,0.124685
4.897367,1.906,1.518094,1.531701,0.125249